الكلمة (مطبّعة),مرات التكرار في الخطب
الحمد,17
سبحانه,15
محمد,13
محمدا,9
المتقين,9
اضف,9
ال,8
المرور,8
الالباني,8
وكل,7
جل,7
ولقد,7
لك,7
قولا,6
يتم,6
احمد,6
وصححه,6
زاد,6
عباس,5
الهموم,5
عبدالعزيز,5
كثيرا,5
شييا,5
وجل,5
تسليما,5
عبدالله,5
للزوار,5
اكتب,5
الاحاديث,5
قلت,5
امك,5
خيرا,5
راح,5
فكانما,5
باز,5
الاقسام,4
نوازل,4
السليماني,4
محمود,4
الجهني,4
نحمده,4
ونعوذ,4
مضل,4
يضلل,4
ربكم,4
فمن,4
سنن,4
اغثنا,4
تقترب,4
منك,4
خدماتنا,4
سومور,4
الفرنسيه,4
مساجد,4
متخصص,4
البرامج,4
القرانيه,4
الفولغا,4
بتتارستان,4
احتفالات,4
قرانيه,4
بورغاس,4
وفيلكو,4
تارنوفو,4
اطفالا,4
اتموا,4
المالديف,4
تستهدف,4
الويب,4
وصحبه,4
ولم,4
اياه,4
رب,4
ففي,4
وعن,4
ذوي,4
العلماء,4
المصايب,4
قلوبهم,4
ركعتين,4
ونستعينه,3
ونستغفره,3
يهده,3
تقاته,3
منهما,3
سديدا,3
يطع,3
الامور,3
فانها,3
اعطاه,3
واستغفر,3
فاستغفروه,3
الغفور,3
كنت,3
يعني,3
يدعون,3
المساجد,3
فلما,3
بكل,3
صلوا,3
الجليل,3
بوالديه,3
معهما,3
جزاء,3
سبيل,3
رغم,3
والاحاديث,3
برهما,3
حقهما,3
لوالديه,3
حين,3
موتهما,3
اقدار,3
يلزم,3
الوقوع,3
يحتسب,3
واخفي,3
اكد,3
السبيل,3
طيبا,3
يتق,3
المجاهدون,3
للمتقين,3
خلوا,3
بمحارم,3
انتهكوها,3
تتصل,3
منا,3
سعد,3
ياايها,3
اسعد,3
صححه,3
فتاوي,3
يتعلق,2
تموتن,2
وبث,2
رجالا,2
تساءلون,2
والارحام,2
رقيبا,2
فوزا,2
عظيما,2
فرايض,2
اه,2
صلاته,2
امته,2
الموت,2
يلقون,2
تعظيما,2
لشانه,2
معك,2
ولياخذوا,2
وجوب,2
الاتيان,2
رجلا,2
معهم,2
مسعود,2
مسلما,2
كتب,2
وملايكته,2
ابراهيم,2
انك,2
امنا,2
وساير,2
هنييا,2
الراحمين,2
القانطين,2
وايتاء,2
ذي,2
الفحشاء,2
يعظكم,2
احسانا,2
وبرا,2
جبارا,2
مريم,2
ببر,2
ربك,2
تقل,2
وقل,2
الاشراك,2
فجاهد,2
الخدري,2
اذنا,2
ولما,2
يجد,2
وكما,2
مشاهد,2
بك,2
اياك,2
احق,2
ممن,2
يهون,2
فانه,2
يقع,2
الكباير,2
النصوح,2
وجد,2
ويلقون,2
بقي,2
بارا,2
البيهقي,2
الصابرين,2
العزايم,2
الرحمن,2
المولمه,2
يدعها,2
يشاء,2
واما,2
ومعناه,2
بارتكاب,2
المحمود,2
وعظمته,2
ربما,2
محتسبا,2
الاموال,2
ربهم,2
العلاء,2
كله,2
اصابته,2
وكذا,2
قل,2
شاء,2
يهد,2
تخفي,2
القايل,2
شانه,2
واتبع,2
تمحها,2
الترمذي,2
مومنا,2
قايما,2
محسنا,2
اشياء,2
الدارقطني,2
ورعا,2
واتي,2
الباساء,2
وحين,2
المتقون,2
الاجساد,2
المتقي,2
الطبراني,2
حارث,2
هباء,2
اسس,2
ارواح,2
وتزودوا,2
الزاد,2
وجاهدوا,2
سبيله,2
مباركا,2
ومما,2
دمشق,2
واستحكم,2
رغبتها,2
القذاره,2
اغتسل,2
ثيابه,2
يمس,2
وثمار,2
فرقانا,2
يتظاهر,2
ولماذا,2
تشاهد,2
الطاهر,2
ولنعلم,2
والمسارعه,2
طاعته,2
مواسم,2
الخ,2
زراره,2
يغتسل,2
والتبكير,2
السنن,2
التبكير,2
واغتنام,2
احاديث,2
يشد,2
بعضا,2
لغا,2
واستدل,2
جميعا,2
اخفي,2
الترغيب,2
والترهيب,2
المستدرك,2
محدثاتها,1
نقف,1
مفروضه,1
مسافر,1
منيبين,1
استدل,1
يري,1
يقتضيه,1
يرون,1
ضيع,1
اضيع,1
ردت,1
حثكم,1
وبرهانا,1
تكن,1
برهانا,1
المضيعين,1
والاثام,1
واتبعوا,1
غيا,1
خسرانا,1
وشرا,1
وعذابا,1
اليما,1
شديدا,1
صلاتهم,1
ساهون,1
حبط,1
ولساير,1
واجبا,1
عينيا,1
والدلايل,1
عديده,1
فاقمت,1
فلتقم,1
اسلحتهم,1
سجدوا,1
فليكونوا,1
ولتات,1
فليصلوا,1
واسلحتهم,1
وملاقاه,1
المطمين,1
واتوا,1
واركعوا,1
فدلت,1
بد,1
ويدعون,1
خاشعه,1
ابصارهم,1
ترهقهم,1
ذله,1
دعاهم,1
ابوا,1
فسر,1
اتي,1
يقودني,1
دعاه,1
فدل,1
المامور,1
اثقل,1
لاتوهما,1
حبوا,1
هممت,1
انطلق,1
معي,1
فاحرق,1
بيوتهم,1
يستدل,1
يلقي,1
فليحافظ,1
الصلوات,1
بهن,1
انكم,1
صليتم,1
بيوتكم,1
لتركتم,1
تركتم,1
لضللتم,1
يتطهر,1
ويحط,1
رايتنا,1
يوتي,1
الصف,1
مجيد,1
اعز,1
واذل,1
ودمر,1
مطمينا,1
اوطاننا,1
ايمتنا,1
وولاه,1
امورنا,1
وفقهم,1
وخذ,1
غيثا,1
مغيثا,1
مرييا,1
غدقا,1
سحا,1
طبقا,1
مجللا,1
عاما,1
نافعا,1
عاجلا,1
الضرع,1
بهايمك,1
رحمتك,1
الرازقين,1
واشكروه,1
يزدكم,1
الرقايق,1
والاداب,1
ولهذا,1
بحقه,1
جلاله,1
وصحبتهما,1
يطيعهما,1
والاشراك,1
حملته,1
وهن,1
وفصاله,1
ولوالديك,1
جاهداك,1
تطعهما,1
معروفا,1
لقمان,1
صفات,1
انبياء,1
يحيي,1
يكن,1
عصيا,1
بوالدتي,1
يجعلني,1
شقيا,1
المقصود,1
وفعلا,1
الحوايج,1
وجبر,1
الخواطر,1
محبوباتهما,1
مرغبه,1
محذره,1
يبلغن,1
كلاهما,1
اف,1
كريما,1
ربياني,1
صغيرا,1
بعبادته,1
خصوصا,1
ويحتاجان,1
والاغلاظ,1
مجرد,1
التافف,1
تشبيها,1
لفراخه,1
حنوا,1
قدما,1
وتحريم,1
مقدما,1
يستاذنه,1
ففيهما,1
هاجر,1
ابواي,1
فاستاذنهما,1
فبرهما,1
حبان,1
جاهمه,1
وجيتك,1
استشيرك,1
الزمها,1
رجليها,1
قيل,1
فلم,1
ماتت,1
معاويه,1
فقيل,1
وفق,1
عقهما,1
وخالف,1
وسيندم,1
محاله,1
ثمراته,1
بوالديك,1
وطاعتك,1
رجولتك,1
مروتك,1
نبلك,1
سعادتك,1
لتسعد,1
يعطيانك,1
حملتك,1
ولاقت,1
الشدايد,1
ووضعتك,1
وهكذا,1
رعايتك,1
ومراهقا,1
حوايجها,1
مطيه,1
فهل,1
حقها,1
يثيب,1
مصلحتك,1
اصدقايك,1
زوجتك,1
فانهما,1
صحبتك,1
صحابتي,1
رعاك,1
بعصيان,1
انهما,1
مستجدات,1
صحبته,1
تصحب,1
عاقا,1
عق,1
وارتكاب,1
هشام,1
تنتظرني,1
تعش,1
تقر,1
تحجها,1
تطوعا,1
كباير,1
الغموس,1
ابتلي,1
استقال,1
وظيفته,1
اعضايه,1
انتقل,1
لرغبتهما,1
ملازمتهما,1
يستكثر,1
صلتهما,1
صحبتهما,1
تفرطوا,1
تستكثروا,1
تبذلونه,1
لوالديكم,1
ويظن,1
ذمته,1
يتنصل,1
كلها,1
ومهما,1
بمجرد,1
بزيارته,1
وخطييه,1
فبر,1
ينقطع,1
بموتهما,1
خصال,1
واعطاه,1
دينار,1
فقلنا,1
ودا,1
مات,1
انقطع,1
ينتفع,1
حياتهما,1
فعن,1
ليموت,1
ويستغفر,1
يكتبه,1
يتصدق,1
ارحامهما,1
والاقوال,1
تخص,1
فيكم,1
وجزاكم,1
الرب,1
والاحزان,1
عد,1
تبعهم,1
يتصبر,1
والهمم,1
الانبياء,1
الاصفياء,1
يجزون,1
صبرتم,1
استنبط,1
اقسام,1
محارم,1
وعبادته,1
يتضجر,1
وشقايه,1
الثواب,1
اداوها,1
سبعمايه,1
اضعاف,1
يضاعف,1
بحق,1
الدنيوي,1
والاخروي,1
خوفا,1
الغيوب,1
حفت,1
وحفت,1
وفصيحه,1
وجوامعه,1
اوتيها,1
محجوبتان,1
هتك,1
فهتك,1
وهتك,1
تتلاشي,1
كلما,1
صلته,1
بمولاه,1
حبب,1
قلوبنا,1
والفسوق,1
والعصيان,1
الراشدين,1
عطايه,1
يستسلم,1
والهموم,1
والاسقام,1
والمصايب,1
المتصرف,1
ولرفعه,1
اسبابا,1
لجووه,1
ودعاوه,1
وتضرعه,1
مولاه,1
وخيرا,1
وتكفيرا,1
راضيا,1
صارت,1
تكفيرا,1
لسيياته,1
درجاته,1
ولنبلونكم,1
اصابتهم,1
صلوات,1
حط,1
تحط,1
عادني,1
يشاك,1
كتبت,1
ومحيت,1
خطييه,1
عجبا,1
ذاك,1
بمعناها,1
ويحتسب,1
ثوابها,1
فبما,1
ايديكم,1
باقدار,1
واستعن,1
كذا,1
المولي,1
بيد,1
الظن,1
نقنط,1
ولطفه,1
بنا,1
وعيوبنا,1
ومعاصينا,1
والتوكل,1
معاصيه,1
العبوديه,1
السعادتين,1
يومن,1
التغابن,1
ونستهديه,1
وصانا,1
بطاعته,1
وتقواه,1
السميع,1
البصير,1
علانيه,1
خافيه,1
الصدور,1
البشير,1
النذير,1
المنير,1
المحجه,1
البيضاء,1
يزيغ,1
هالك,1
وجاهد,1
فنقف,1
معكم,1
الرحيل,1
يراك,1
ويفتقدك,1
نهاك,1
يعصي,1
اقوالك,1
وسكناتك,1
راك,1
عرفوك,1
يعرفوك,1
تدل,1
تعني,1
وبملايكته,1
وكتبه,1
ورسله,1
مجتنبا,1
نواهيه,1
حافظا,1
ملتزما,1
محافظا,1
موديا,1
زكاته,1
صابرا,1
مجاهدا,1
مرابطا,1
ذاكرا,1
منيبا,1
متوكلا,1
محتكما,1
خايفا,1
راجيا,1
رحمته,1
وثوابه,1
عبادته,1
ناهيا,1
مستذكرا,1
ناشر,1
تضيعوها,1
حدودا,1
تعتدوها,1
تنتهكوها,1
يمتلي,1
وبهذا,1
تولوا,1
عاهدوا,1
والصابرين,1
بالعهود,1
والعقود,1
تتطاير,1
الرووس,1
وتتمزق,1
اشلاء,1
اقواله,1
وسكناته,1
ومعاملاته,1
وتصرفاته,1
مستشعرا,1
تعلق,1
صلاتي,1
ونسكي,1
ومحياي,1
ومماتي,1
يظل,1
موصولا,1
متذكرا,1
والعقارات,1
يتبوا,1
المناصب,1
الرتب,1
الابرار,1
فعاشوا,1
باجسادهم,1
ارواحهم,1
الحارث,1
بارزا,1
يتزاورون,1
يتضاغون,1
فالزم,1
ثلاثا,1
هكذا,1
فقربتهم,1
وابعدتهم,1
والموبقات,1
فكل,1
افمن,1
الماكولات,1
واصنافها,1
الالباب,1
عوراتهم,1
اجسادهم,1
الماديه,1
الاعراف,1
وصيته,1
وللامم,1
اوتوا,1
واياكم,1
وابتغوا,1
تفلحون,1
الثمار,1
فرجا,1
يحتسبون,1
رزقا,1
يتوكل,1
والوقايع,1
والشواهد,1
قصص,1
شابا,1
شاميا,1
معدم,1
اليد,1
وسيما,1
قسيما,1
بهاء,1
ونضره,1
يكسب,1
متجول,1
فاغرمت,1
الفاتنات,1
تترصد,1
وتتحين,1
شراكها,1
الشهواني,1
متظاهره,1
بحاجتها,1
تساومه,1
استدرجته,1
محاسنها,1
مفاتنها,1
تراود,1
معها,1
واستعصم,1
وشناعه,1
مرتكبيها,1
هواها,1
زاده,1
استعصاما,1
اقتحم,1
يراودها,1
فلطخ,1
منتظره,1
ليطفي,1
شهوتها,1
راته,1
وطردته,1
طردا,1
ومر,1
مسرعا,1
وتزكم,1
عودا,1
مسكا,1
وظلت,1
تنفك,1
عاشها,1
مسجدا,1
بحي,1
الصالحيه,1
بدمشق,1
النصر,1
تتقوا,1
عنكم,1
ذو,1
الانفال,1
المفسرين,1
نصرا,1
فالمتقون,1
معاركهم,1
مغفوره,1
وسيياتهم,1
مكفره,1
الراحه,1
يعتريهم,1
حطام,1
الفانيه,1
فنفوسهم,1
مطمينه,1
وقلوبهم,1
راضيه,1
اولياء,1
يتقون,1
يضيع,1
ويخش,1
ويتقه,1
رات,1
وكم,1
جنات,1
اتاهم,1
قليلا,1
يهجعون,1
وبالاسحار,1
يستغفرون,1
اموالهم,1
والمحروم,1
الذاريات,1
مفازا,1
حدايق,1
واعنابا,1
وكواعب,1
اترابا,1
وكاسا,1
دهاقا,1
لغوا,1
كذابا,1
حسابا,1
ظلال,1
كلوا,1
السمت,1
سنحت,1
وغش,1
وافسد,1
ليفسد,1
لاعلمن,1
اقواما,1
منثورا,1
صفهم,1
جلهم,1
اخوانكم,1
جلدتكم,1
اقوام,1
وزكوا,1
وحجوا,1
واعتمروا,1
الايام,1
بمن,1
وبماذا,1
الاباحيه,1
والافلام,1
الماجنه,1
الوقحه,1
الهابطه,1
يستحي,1
مشاهدتها,1
فليتق,1
واخواننا,1
وليحرصوا,1
وظننا,1
بكم,1
نذرتم,1
والانضباط,1
انفرد,1
فرط,1
مهمته,1
وتساهل,1
خدمته,1
وحاشاكم,1
ويجب,1
حياتي,1
يستشعر,1
يراه,1
وعلانيته,1
يخفي,1
طه,1
فلنجد,1
ولنجتهد,1
نفوسنا,1
ولنجعل,1
جسرا,1
الاخفياء,1
الاتقياء,1
الانقياء,1
سرايرنا,1
وظواهرنا,1
اقوالنا,1
المطهر,1
ساداتنا,1
وعثمان,1
برحمتك,1
اخواننا,1
المجاهدين,1
والمتارس,1
والميادين,1
ايديهم,1
سدد,1
شهداءهم,1
وداو,1
جرحاهم,1
واراملهم,1
وفك,1
اسراهم,1
بالحوثيين,1
والانفصاليين,1
واعوانهم,1
وازلامهم,1
جموعهم,1
وشتت,1
وزلزل,1
خذهم,1
وينهاكم,1
فاجتنبوها,1
اسلاميه,1
وفكريه,1
الجريسي,1
المشايخ,1
والعلماء,1
مكتوبه,1
نرجو,1
واقتفي,1
واستن,1
بسنته,1
دلايل,1
القلوب,1
فاستبقوا,1
اداب,1
وذروا,1
ذلكم,1
وقيل,1
سماه,1
غالب,1
مصعب,1
عمير,1
واهتموا,1
هاهنا,1
توطيد,1
يولف,1
الاسلاميه,1
مجامع,1
مكفرات,1
اجتنب,1
تبشير,1
لامته,1
الصغاير,1
المداومه,1
ويتطيب,1
الروايح,1
مشيا,1
ويدنو,1
والثواب,1
الجزيل,1
ويتطهر,1
طهر,1
كبشا,1
مسنده,1
تقعد,1
فيكتبون,1
ويشحذ,1
الهمم,1
للمسارعه,1
كالشافعي,1
واحمد,1
حنيفه,1
والاوزاعي,1
الشافعي,1
الصفوف,1
مفتوحا,1
وكلما,1
سبق,1
رغبته,1
الجمعتين,1
فتاواه,1
وعملا,1
بالاحاديث,1
المذكور,1
واداب,1
ويوجز,1
يوذن,1
والحمد,1
يتخطي,1
قبليه,1
يتنفل,1
اربعا,1
تيميه,1
افتت,1
التشاغل,1
مس,1
الصغار,1
تشاغل,1
ثواب,1
اثما,1
حمدا,1
ربنا,1
ادخره,1
واحدا,1
عثمان,1
عفان,1
اضافيا,1
ملهيا,1
المغني,1
فتعلق,1
لوحظ,1
الجوامع,1
يوذون,1
هداهم,1
البقاعي,1
فانتشروا,1
فدبوا,1
خص,1
بفضايل,1
يقللها,1
وخفايها,1
اغتنامها,1
اختلف,1
اقوال,1
اصحها,1
ورجحه,1
باحاديث,1
جابر,1
اثنتا,1
يوجد,1
فالتمسوها,1
هريره,1
انقضاء,1
رجحه,1
المحققين,1
الروايتين,1
الشوكاني,1
هذين,1
يغتنم,1
سيما,1
يخص,1
يقتصروا,1
ويلزم,1
طمعا,1
دعايه,1
القرطبي,1
العسقلاني,1
السهيلي,1
سننه,1
هزمه,1
بياضه,1
وسنن,1
ومصعبا,1
الهيثمي,1
الزوايد,1
والطبراني,1
ثقات,1
المنذري,1
رجب,1
الحنبلي,1
يخرجاه,1
ارواء,1
الغليل,1
منار,1
الشويعر,1
لسماحته,1
مروي,1
يزيد,1
الموطا,1
صحح,1
ترجيحها,1
الاقوال,1
الاوطار,1
للشوكاني,1
ورسايل,1
