كلمة الخطبة,الإشارة المطابقة في القاموس,نوع المطابقة
وسلم,سلالم,strict
ويجوعان,جوع,loose
ففكر,فكر,strict
اخري,أخير,loose
نبيكم,نبي,loose
يدخل,يدخل,strict
زر,زر,strict
الله,الله,strict
المومن,مؤمن,strict
الله,الله,strict
الذكر,الذكر,strict
تفتح,فتح,loose
بعدهم,بعد,loose
اعلام,إعلام,strict
الجنسيه,جنسية,strict
لا,لا,strict
غدا,غدا,strict
الله,الله,strict
مجانيه,مجاني,loose
بسبب,الدوافع / السبب / مبرر,loose
يحب,يحب,strict
قايد,قائد,strict
المومن,مؤمن,strict
بليغه,التبليغ,loose
بر الوالدين,بر الوالدين,phrase
يستطيع,يستطيع,strict
الجماعه,الجماع,loose
والله,المقسوم به-والله-تالله-بالله,strict
الاجابه,إجابة - استجابة,strict
تفوح,سفوح,loose
الله,الله,strict
مقالات,مقال,loose
وسنه,عام-سنة,strict
البركه,بركة,strict
التطوع,تطوع,strict
رحمه,رحمة,strict
واشربوا,شرب,loose
والشقي,شقي,strict
الخطبه,خطبة,strict
عندك,عند,loose
رضي,فرضية,loose
لموقع,مكان,strict
الاحبه,احبك - احب,loose
بلغ,بالغ,strict
افاق,فاق-قمة,loose
والشيخ,شيخ,strict
صلي,أصلي,loose
صديقهما,صديق,loose
اهميه,أهمية,strict
حافظ,حافظ - حفظ,strict
العبد,عبد,strict
وهم,وهم,strict
قايم,ساري-استمرار-قائم,strict
الله,الله,strict
ارحمهما,الرحم,loose
النبي,النبي,strict
الموذن,مؤذن,strict
نعلم,حسناً,loose
لله,الله,loose
مع,مع,strict
مقتدر,المقتدر,loose
وكاني,سكان,loose
كلمه,مصطلح,strict
ايضا,أيضا,strict
غريب,غريب,strict
الانسان,إنسان - ناس,strict
بركات,بركة,loose
عدد,عدد,strict
العضويه,عضوية,strict
سوره الكهف,سورة الكهف,phrase
صلي,أصلي,loose
والنبيين,نبي,loose
فوقهم,فوق,loose
شده,شدة,strict
شرط,شرط,strict
الله,الله,strict
لهما,هما,strict
فضل,فضل,strict
اتعلم,تعلم,loose
وجوهكم,فجوة,loose
ومرضك,مرض,loose
اول,الأول,loose
وزني,وزن,loose
ورد,وردة,loose
واجعل,جعل,loose
وقع,وقع,strict
ساعه,ساعة,strict
اعمالنا,عمالة,loose
المومن,مؤمن,strict
واوليك,أولي,loose
مالك,مالك,strict
الله,الله,strict
جماعه,الجماع,loose
نشر,نشر,strict
الله,الله,strict
تفتح,فتح,loose
وردت,وردة,loose
لا,لا,strict
الله,الله,strict
هل,هل,strict
الالوكه,سلوك,loose
العصر,العصر - عصر,strict
بكر,بكرة / خيط,loose
وفي,وفيات,loose
الحال,حالة,loose
ولكنها,لكن,loose
وسلم,سلالم,strict
ابوابه,بوابة,loose
قلبه,قلب,loose
يبادر,بادرة,loose
واخرجه,إخراج,loose
قوله,قول,loose
الله,الله,strict
رسول,رسول,strict
قراءه,قراءة,strict
تفكروا,فكر,loose
احب,احبك - احب,strict
بالمكاره,مكار,loose
المسك,مسك,strict
ابي,أب,strict
